Employee Name,Employee Status,Salary,Pay Basis,Position Title
"Abrams, Adam W.",Employee,66300.00,Per Annum,WESTERN REGIONAL COMMUNICATIONS DIRECTOR
"Adams, Ian H.",Employee,45000.00,Per Annum,EXECUTIVE ASSISTANT TO THE DIRECTOR OF SCHEDULING AND ADVANCE
"Agnew, David P.",Employee,93840.00,Per Annum,DEPUTY DIRECTOR OF INTERGOVERNMENTAL AFFAIRS
"Albino, James ",Employee,91800.00,Per Annum,SENIOR PROGRAM MANAGER
"Aldy, Jr., Joseph E.",Employee,130500.00,Per Annum,SPECIAL ASSISTANT TO THE PRESIDENT FOR ENERGY AND ENVIRONMENT
"Alley, Hilary J.",Employee,42000.00,Per Annum,STAFF ASSISTANT
"Amorsingh, Lucius L.",Employee,56092.00,Per Annum,SPECIAL ASSISTANT
"Anderson, Amanda D.",Employee,60000.00,Per Annum,SPECIAL ASSISTANT TO THE CHIEF OF STAFF
"Anderson, Charles D.",Employee,51000.00,Per Annum,POLICY ASSISTANT
"Andrias, Kate E.",Employee,130500.00,Per Annum,SPECIAL ASSISTANT TO THE PRESIDENT AND ASSOCIATE COUNSEL TO THE PRESIDENT
"Anello, Russell M.",Employee,66300.00,Per Annum,COUNSEL
"Asen, Jonathan D.",Employee,42000.00,Per Annum,SENIOR ANALYST
"Attili, Candice L.",Employee,58511.00,Per Annum,ASSISTANT SHIFT LEADER
"Axelrod, David M.",Employee,172200.00,Per Annum,ASSISTANT TO THE PRESIDENT AND SENIOR ADVISOR
"Ayling, Lindsay A.",Employee,42000.00,Per Annum,ANALYST
"Baggetto, Maude L.",Employee,42000.00,Per Annum,STAFF ASSISTANT
"Baldassaro, Frederick J.",Detailee,122744.00,Per Annum,COMMUNICATIONS DIRECTOR
"Barnes, Melody C.",Employee,172200.00,Per Annum,ASSISTANT TO THE PRESIDENT AND DIRECTOR OF THE DOMESTIC POLICY COUNCIL
"Baskerville, Jr., Chester A.",Employee,47532.00,Per Annum,ASSISTANT SHIFT LEADER
"Bassin, Ian M.",Employee,99000.00,Per Annum,DEPUTY ASSOCIATE COUNSEL
"Bates, Andrew J.",Employee,42000.00,Per Annum,MEDIA MONITOR
"Bauer, Nicholas T.",Employee,55000.00,Per Annum,ASSOCIATE DIRECTOR
"Bauer, Robert F.",Employee,172200.00,Per Annum,ASSISTANT TO THE PRESIDENT AND COUNSEL TO THE PRESIDENT
"Becnel, Bradley D.",Employee,55000.00,Per Annum,SPECIAL ASSISTANT AND ADVANCE LEAD
"Bedingfield, Katherine J.",Employee,90000.00,Per Annum,DEPUTY DIRECTOR FOR MEDIA AFFAIRS
"Beinart, Diana H.",Employee,130500.00,Per Annum,SPECIAL ASSISTANT TO THE PRESIDENT AND ASSOCIATE COUNSEL TO THE PRESIDENT
"Belive, Lauren E.",Employee,45000.00,Per Annum,LEGISLATIVE ASSISTANT AND ASSISTANT FOR EVENTS
"Beliveau, Emmett S.",Employee,130000.00,Per Annum,DEPUTY ASSISTANT TO THE PRESIDENT AND DIRECTOR OF ADVANCE AND OPERATIONS
"Bernard, Sarah C.",Employee,70000.00,Per Annum,"DIRECTOR, ONLINE ENGAGEMENT"
"Beverly, Alaina C.",Employee,71400.00,Per Annum,ASSOCIATE DIRECTOR OF URBAN AFFAIRS
"Bhowmik, Rachana",Employee,100000.00,Per Annum,DIRECTOR OF SPECIAL PROJECTS AND SPECIAL ASSISTANT TO THE OFFICE OF THE CHIEF OF STAFF
"Binns, Mary U.",Employee,70126.00,Per Annum,SPECIAL ASSISTANT
"Birdsall, Kristen S.",Employee,45900.00,Per Annum,RESEARCHER
"Bisi, Rachel I.",Employee,42000.00,Per Annum,LEGISLATIVE ASSISTANT
"Blake, Michael A.",Employee,61200.00,Per Annum,DEPUTY ASSOCIATE DIRECTOR OF INTERGOVERNMENTAL AFFAIRS
"Block, Michael R.",Employee,42000.00,Per Annum,STAFF ASSISTANT
"Blount, Patricia H.",Employee,44402.00,Per Annum,RECORDS MANAGEMENT ANALYST
"Bond, Brian K.",Employee,93840.00,Per Annum,DEPUTY DIRECTOR OF PUBLIC ENGAGEMENT
"Bookey-Baker, Natalie F.",Employee,45000.00,Per Annum,EXECUTIVE ASSISTANT TO THE CHIEF OF STAFF TO THE FIRST LADY
"Branch, Katherine Y.",Employee,61200.00,Per Annum,SPECIAL ASSISTANT TO THE SENIOR ADVISOR
"Brennan, John O.",Employee,172200.00,Per Annum,ASSISTANT TO THE PRESIDENT FOR HOMELAND SECURITY AND COUNTERTERRORISM
"Bressler, Steven Y.",Detailee,148510.00,Per Annum,CLEARANCE ADVISOR
"Brewer, Anne P.",Employee,45000.00,Per Annum,EXECUTIVE ASSISTANT TO THE DIRECTOR OF PUBLIC ENGAGEMENT
"Brooke, Mary J.",Employee,89033.00,Per Annum,SUPERVISOR OF CORRESPONDENCE REVIEW
"Brown, Elizabeth M.",Employee,172200.00,Per Annum,ASSISTANT TO THE PRESIDENT AND STAFF SECRETARY
"Browner, Carol M.",Employee,172200.00,Per Annum,ASSISTANT TO THE PRESIDENT FOR ENERGY AND CLIMATE CHANGE
"Brundage, Amy J.",Employee,78000.00,Per Annum,ASSISTANT PRESS SECRETARY
"Brush, Michael P.",Employee,56100.00,Per Annum,SPECIAL ASSISTANT AND ADVANCE LEAD
"Buffett, Howard W.",Detailee,51630.00,Per Annum,POLICY ADVISOR
"Burman, Kendall C.",Employee,130500.00,Per Annum,SPECIAL ASSISTANT TO THE PRESIDENT AND ASSOCIATE COUNSEL TO THE PRESIDENT
"Burnough, Erinn J.",Employee,66300.00,Per Annum,DEPUTY DIRECTOR AND DEPUTY SOCIAL SECRETARY
"Burton, William A.",Employee,113000.00,Per Annum,SPECIAL ASSISTANT TO THE PRESIDENT AND DEPUTY PRESS SECRETARY
"Campbell, Frances L.",Employee,100904.00,Per Annum,"SUPERVISOR, DOCUMENT MANAGEMENT AND TRACKING UNIT"
"Campbell, Grant E.",Employee,45900.00,Per Annum,ASSOCIATE DIRECTOR AND TRIP COORDINATOR
"Campbell, Nnaji-Semayi K.",Employee,42000.00,Per Annum,SENIOR ANALYST
"Campos, David R.",Employee,42000.00,Per Annum,ANALYST
"Campoverdi, Alejandra M.",Employee,60000.00,Per Annum,SPECIAL ASSISTANT TO THE DEPUTY CHIEF OF STAFF
"Camuñez, Michael C.",Employee,140000.00,Per Annum,SPECIAL ASSISTANT TO THE PRESIDENT AND SPECIAL COUNSEL TO THE PRESIDENT
"Canery, Beverly D.",Employee,58511.00,Per Annum,ASSISTANT SHIFT LEADER
"Carden, Meredith M.",Employee,42000.00,Per Annum,STAFF ASSISTANT
"Cardwell, Rebecca A.",Employee,43656.00,Per Annum,OPERATOR
"Carrier, Ethan A.",Detailee,94969.00,Per Annum,ETHICS ADVISOR
"Carter, Rhonda M.",Employee,57000.00,Per Annum,SPECIAL ASSISTANT TO THE WHITE HOUSE COUNSEL
"Castillo, Laura M.",Employee,42000.00,Per Annum,ANALYST
"Chaifetz, Samantha L.",Detailee,123758.00,Per Annum,RESEARCHER
"Chambers, Caroline M.",Employee,120000.00,Per Annum,DIRECTOR OF CONFIRMATIONS
"Chen, Margaret C.",Employee,0.00,Per Annum,SPECIAL ASSISTANT
"Cherlin, Reid H.",Employee,78000.00,Per Annum,ASSISTANT PRESS SECRETARY
"Chhabra, Anand",Employee,42000.00,Per Annum,STAFF ASSISTANT
"Chiodo, Theodore A.",Employee,60000.00,Per Annum,ASSISTANT STAFF SECRETARY
"Cizner, Jennifer C.",Employee,85680.00,Per Annum,DEPUTY CHIEF OF STAFF FOR PRESIDENTIAL PERSONNEL
"Clarke, Kay F.",Employee,64439.00,Per Annum,SHIFT LEADER
"Claude, Lilia H.",Employee,58511.00,Per Annum,ASSISTANT SHIFT LEADER
"Cobbina, Kwesi A.",Employee,42000.00,Per Annum,STAFF ASSISTANT
"Cohen, Elizabeth S",Employee,45900.00,Per Annum,ASSOCIATE DIRECTOR AND SCHEDULING RESEARCHER
"Cokley, Rebecca A.",Employee,72000.00,Per Annum,PRIORITY PLACEMENT DIRECTOR
"Colvin, Nicholas M.",Employee,63240.00,Per Annum,SPECIAL ASSISTANT TO THE WHITE HOUSE COUNSEL
"Conrad, Shasti K. ",Employee,42000.00,Per Annum,STAFF ASSISTANT
"Corrigan, Tara C.",Employee,45000.00,Per Annum,EXECUTIVE ASSISTANT TO THE POLITICAL DIRECTOR
"Coven, Martha B.",Employee,120000.00,Per Annum,SPECIAL ASSISTANT TO THE PRESIDENT FOR MOBILTY AND OPPORTUNITY POLICY
"Crowley, Jeffrey S.",Employee,102000.00,Per Annum,DIRECTOR OF THE OFFICE OF NATIONAL AIDS POLICY AND SENIOR ADVISOR ON DISABILITY POLICY
"Crutchfield, Danielle M.",Employee,130000.00,Per Annum,DEPUTY ASSISTANT TO THE PRESIDENT AND DIRECTOR OF APPOINTMENTS AND SCHEDULING
"Cuba, Juan C.",Employee,42000.00,Per Annum,STAFF ASSISTANT
"Cuellar, Martin E.",Employee,91800.00,Per Annum,"DEPUTY DIRECTOR, PRESIDENTIAL CORRESPONDENCE"
"Cunningham, Jason F.",Detailee,64548.00,Per Annum,RESEARCHER
"Cunningham, Vinson T.",Employee,42000.00,Per Annum,ECONOMICS STAFF ASSISTANT
"Cusack, David J.",Employee,102000.00,Per Annum,SPECIAL ASSISTANT TO THE PRESIDENT AND DEPUTY DIRECTOR OF ADVANCE
"Cushman, Chase M.",Employee,45900.00,Per Annum,ASSOCIATE DIRECTOR OF SCHEDULING
"Cutter, Stephanie ",Employee,172200.00,Per Annum,ASSISTANT TO THE PRESIDENT FOR SPECIAL PROJECTS
"Dale, Kareem A.",Employee,61200.00,Per Annum,SPECIAL ASSISTANT TO THE PRESIDENT AND DEPUTY ASSOCIATE DIRECTOR OF PUBLIC ENGAGEMENT
"Dalheim, Karen L.",Detailee,148510.00,Per Annum,ETHICS ADVISOR
"Davies, Susan M.",Employee,158500.00,Per Annum,DEPUTY ASSISTANT TO THE PRESIDENT AND DEPUTY COUNSEL TO THE PRESIDENT
"Davis, Christopher E.",Employee,76500.00,Per Annum,SENIOR LEGISLATIVE AFFAIRS ANALYST
"De Sio, Jr., Henry F.",Employee,153300.00,Per Annum,DEPUTY ASSISTANT TO THE PRESIDENT FOR MANAGEMENT AND ADMINISTRATION
"Deese, Brian C.",Employee,130500.00,Per Annum,SPECIAL ASSISTANT TO THE PRESIDENT FOR ECONOMIC POLICY
"DeGuzman, Jr., Danilo",Employee,72876.00,Per Annum,PRESIDENTIAL SUPPORT SPECIALIST
"DeGuzman, Brian K.",Employee,42738.00,Per Annum,OPERATOR
"DeParle, Nancy-Ann Min",Employee,158500.00,Per Annum,COUNSELOR TO THE PRESIDENT AND DIRECTOR OF THE WHITE HOUSE OFFICE FOR HEALTH CARE REFORM
"DeRosa, Mary B.",Employee,158500.00,Per Annum,DEPUTY ASSISTANT TO THE PRESIDENT AND DEPUTY COUNSEL TO THE PRESIDENT
"Devine, Carrie S.",Employee,56100.00,Per Annum,SPECIAL ASSISTANT AND ADVANCE LEAD
"Dillon, Michael P.",Employee,113000.00,Per Annum,SPECIAL ASSISTANT TO THE PRESIDENT AND DEPUTY DIRECTOR OF POLITICAL AFFAIRS
"Donilon, Thomas E.",Employee,172200.00,Per Annum,ASSISTANT TO THE PRESIDENT AND DEPUTY NATIONAL SECURITY ADVISOR
"Donovan, Michael W.",Employee,45900.00,Per Annum,ASSOCIATE DIRECTOR AND SCHEDULING RESEARCHER
"Donovan, William J.",Employee,42000.00,Per Annum,ENERGY AND ENVIRONMENT STAFF ASSISTANT
"Dorsett, Craig M.",Employee,42000.00,Per Annum,ANALYST
"Douglas, Derek R. B.",Employee,120000.00,Per Annum,SPECIAL ASSISTANT TO THE PRESIDENT FOR URBAN AFFAIRS
"Droege, Philip C.",Employee,140259.00,Per Annum,DIRECTOR OF RECORDS MANAGEMENT
"DuBois, Joshua P.",Employee,100000.00,Per Annum,SPECIAL ASSISTANT TO THE PRESIDENT AND EXECUTIVE DIRECTOR OF THE WHITE HOUSE OFFICE OF FAITH-BASED AND NEIGHBORHOOD PARTNERSHIPS
"Dunn, Lauren P.",Employee,50000.00,Per Annum,"POLICY ASSISTANT, URBAN POLICY AND MOBILITY AND OPPORTUNITY"
"Dyer, Deesha A.",Employee,45000.00,Per Annum,ASSOCIATE DIRECTOR FOR SCHEDULING CORRESPONDENCE
"Ealons, Corey A.",Employee,79560.00,Per Annum,DIRECTOR OF AFRICAN AMERICAN MEDIA
"Earnest, Joshua R.",Employee,113000.00,Per Annum,SPECIAL ASSISTANT TO THE PRESIDENT AND DEPUTY PRESS SECRETARY
"Edgerton, Erin M.",Detailee,89033.00,Per Annum,NEW MEDIA ANALYST
"Edmonds, Anita J.",Employee,49069.00,Per Annum,RECORDS MANAGEMENT ANALYST
"Edwards, Lisa W.",Detailee,155500.00,Per Annum,DEPUTY ASSOCIATE COUNSEL FOR PRESIDENTIAL PERSONNEL
"Eisen, Norman L.",Employee,149000.00,Per Annum,SPECIAL ASSISTANT TO THE PRESIDENT AND SPECIAL COUNSEL TO THE PRESIDENT
"Emanuel, Rahm I.",Employee,172200.00,Per Annum,ASSISTANT TO THE PRESIDENT AND CHIEF OF STAFF
"Escobar, Felicia A. ",Employee,90000.00,Per Annum,SENIOR POLICY ADVISOR
"Espinel, Zulima L.",Employee,130500.00,Per Annum,SPECIAL ASSISTANT TO THE PRESIDENT AND ASSOCIATE COUNSEL TO THE PRESIDENT
"Farrell, Diana",Employee,147500.00,Per Annum,DEPUTY ASSISTANT TO THE PRESIDENT FOR ECONOMIC POLICY
"Faulman, Michael T.",Employee,42000.00,Per Annum,ADVANCE COORDINATOR
"Favreau, Jonathan E.",Employee,172200.00,Per Annum,ASSISTANT TO THE PRESIDENT AND DIRECTOR OF SPEECHWRITING
"Fenn, Sarah B.",Employee,42000.00,Per Annum,STAFF ASSISTANT
"Fergenson, Micah F.",Employee,42000.00,Per Annum,STAFF ASSISTANT
"Fernandez, Micaela J.",Employee,102000.00,Per Annum,SPECIAL ASSISTANT TO THE PRESIDENT AND DIRECTOR OF EVENTS AND PROTOCOL
"Fernkas, Robin E.",Detailee,126251.00,Per Annum,POLICY ADVISOR
"Finkenbinder, Benjamin N.",Employee,45900.00,Per Annum,ASSOCIATE DIRECTOR OF PRESS ADVANCE AND PRESS POOL WRANGLER
"Finlen, Shawn T.",Employee,50000.00,Per Annum,ASSISTANT DIRECTOR
"Firestone, Daren H.",Detailee,105211.00,Per Annum,DEPUTY ASSOCIATE COUNSEL FOR PRESIDENTIAL PERSONNEL
"Fiscus, Taylor R.",Employee,45000.00,Per Annum,ASSOCIATE DIRECTOR
"Fitts, Alan 0.",Employee,61200.00,Per Annum,DEPUTY DIRECTOR OF ADVANCE AND TRIP DIRECTOR FOR THE FIRST LADY
"Flatgard, Benjamin W.",Employee,55000.00,Per Annum,ECONOMICS DIRECTOR
"Ford, Harrison A.",Employee,42000.00,Per Annum,SENIOR ANALYST
"Frank, April P.",Employee,42000.00,Per Annum,STAFF ASSISTANT
"Frankel, Adam P.",Employee,100000.00,Per Annum,SPECIAL ASSISTANT TO THE PRESIDENT AND SENIOR PRESIDENTIAL SPEECHWRITER
"Freeman, Myra B.",Employee,73917.00,Per Annum,RECORDS MANAGEMENT ANALYST
"Frye, Jocelyn C.",Employee,140000.00,Per Annum,DEPUTY ASSISTANT TO THE PRESIDENT AND DIRECTOR OF POLICY AND PROJECTS FOR THE FIRST LADY
"Furman, Jason L.",Employee,147500.00,Per Annum,DEPUTY ASSISTANT TO THE PRESIDENT  FOR ECONOMIC POLICY
"Gage, Peter T.",Detailee,94969.00,Per Annum,POLICY ANALYST
"Garcia, Kristin M.",Employee,45000.00,Per Annum,LEGISLATIVE ASSISTANT AND ASSISTANT TO THE SENATE LIAISON
"Gardaphe, Frederico C.",Employee,50000.00,Per Annum,ASSISTANT DIRECTOR
"Gaspard, Patrick H.",Employee,172200.00,Per Annum,ASSISTANT TO THE PRESIDENT AND DIRECTOR OF POLITICAL AFFAIRS
"Gavin, Jr., Thomas E.",Employee,102000.00,Per Annum,SPECIAL ASSISTANT TO THE PRESIDENT AND DIRECTOR OF MEDIA AFFAIRS
"Gibbs, Robert L.",Employee,172200.00,Per Annum,ASSISTANT TO THE PRESIDENT AND PRESS SECRETARY
"Gillette, Jodi A.",Employee,71400.00,Per Annum,DEPUTY ASSOCIATE DIRECTOR OF INTERGOVERNMENTAL AFFAIRS
"Godfrey, Harrison T.",Employee,42000.00,Per Annum,LEGISLATIVE ASSISTANT
"Gomez, David F.",Employee,45000.00,Per Annum,RESEARCHER
"Gonzalez, Roberto J.",Employee,114000.00,Per Annum,SPECIAL ASSISTANT TO THE PRESIDENT AND  ASSOCIATE COUNSEL TO THE PRESIDENT
"Goodman, Jennifer",Employee,63240.00,Per Annum,DEPUTY DIRECTOR OF SCHEDULING AND EVENTS COORDINATOR FOR THE FIRST LADY
"Goodman, Mary B.",Employee,130500.00,Per Annum,SPECIAL ASSISTANT TO THE PRESIDENT FOR FINANCIAL MARKETS
"Gottlieb, Graham D.",Employee,42000.00,Per Annum,BOARDS AND COMMISSIONS STAFF ASSISTANT
"Gottlieb, Michael J.",Employee,114000.00,Per Annum,SPECIAL ASSISTANT TO THE PRESIDENT AND ASSOCIATE COUNSEL TO THE PRESIDENT
"Gottry, Heather C.",Detailee,136134.00,Per Annum,ASSOCIATE COUNSEL TO THE PRESIDENT
"Graham, Lottie B.",Employee,63673.00,Per Annum,ASSISTANT SHIFT LEADER
"Grant, Kathryn A.",Employee,42000.00,Per Annum,ANALYST
"Gray, Danielle C.",Employee,130500.00,Per Annum,SPECIAL ASSISTANT TO THE PRESIDENT AND ASSOCIATE COUNSEL TO THE PRESIDENT
"Green, Jason G.",Employee,99000.00,Per Annum,DEPUTY ASSOCIATE COUNSEL
"Green, Valerie E.",Employee,113000.00,Per Annum,SPECIAL ASSISTANT TO THE PRESIDENT FOR PRESIDENTIAL PERSONNEL
"Greenawalt, Andrei M.",Employee,80000.00,Per Annum,DEPUTY DIRECTOR OF CABINET AFFAIRS
"Greene, Norman A.",Employee,66300.00,Per Annum,DEPUTY DIRECTOR OF FINANCE
"Groth, Travis R.",Employee,42840.00,Per Annum,STAFF ASSISTANT
"Hable, Abigail K.",Employee,45000.00,Per Annum,EXECUTIVE ASSISTANT
"Hanson, Terry P.",Employee,42000.00,Per Annum,DOMESTIC STAFF ASSISTANT
"Harper, Ryan M.",Employee,56100.00,Per Annum,DOMESTIC DIRECTOR
"Harris, Kimberley D.",Employee,130500.00,Per Annum,SPECIAL ASSISTANT TO THE PRESIDENT AND ASSOCIATE COUNSEL TO THE PRESIDENT
"Harris, Kevin R.",Employee,42000.00,Per Annum,LEGISLATIVE ASSISTANT AND ASSISTANT TO THE HOUSE LIAISON
"Hash, Michael M.",Detailee,179700.00,Per Annum,DEPUTY DIRECTOR
"Hegde, Shilpa S.",Employee,42000.00,Per Annum,ANALYST
"Heimbach, James T.",Employee,130500.00,Per Annum,SPECIAL ASSISTANT TO THE PRESIDENT FOR LEGISLATIVE AFFAIRS
"Hennigan, Margo E.",Employee,45900.00,Per Annum,ASSOCIATE DIRECTOR AND TRAVEL MANAGER
"Hernandez, Philip M.",Employee,42000.00,Per Annum,STAFF ASSISTANT
"Hiatt, Natalie M.",Employee,42000.00,Per Annum,OPERATOR
"Higginbottom, Heather A.",Employee,150000.00,Per Annum,DEPUTY ASSISTANT TO THE PRESIDENT AND DEPUTY DIRECTOR OF THE DOMESTIC POLICY COUNCIL
"Hitchcock, Adam S.",Employee,51000.00,Per Annum,SPECIAL ASSISTANT
"Hoang, Vy T.",Employee,44402.00,Per Annum,RECORDS MANAGEMENT ANALYST
"Hogan, Katherine J.",Employee,45900.00,Per Annum,ASSOCIATE DIRECTOR OF PRESS ADVANCE AND PRESS POOL WRANGLER
"Hogan, Nancy D.",Employee,145000.00,Per Annum,DEPUTY ASSISTANT TO THE PRESIDENT AND DIRECTOR OF PRESIDENTIAL PERSONNEL
"Hopkins, Marissa C.",Employee,60000.00,Per Annum,SPECIAL ASSISTANT TO THE PRESS SECRETARY
"Hornsby, Michael A.",Employee,66300.00,Per Annum,ASSISTANT DIRECTOR
"Hughes, Caroline E.",Employee,42000.00,Per Annum,PRESS ASSISTANT
"Hurley, Caitlin G.",Employee,60000.00,Per Annum,ASSISTANT STAFF SECRETARY
"Hurwitz, Sarah K.",Employee,100000.00,Per Annum,SPECIAL ASSISTANT TO THE PRESIDENT AND SENIOR PRESIDENTIAL SPEECHWRITER
"Inouye, Shinichi",Employee,78000.00,Per Annum,DIRECTOR OF SPECIALITY MEDIA
"Jabbour, Mona K.",Employee,80000.00,Per Annum,DEPUTY ASSOCIATE COUNSEL FOR PRESIDENTIAL PERSONNEL 
"Jackson, Deilia A. L.",Employee,42000.00,Per Annum,DEPUTY ASSOCIATE DIRECTOR OF CORRESPONDENCE FOR THE FIRST LADY
"Jackson, Elizabeth J.",Employee,37983.00,Per Annum,RECORDS MANAGEMENT ANALYST
"Jackson, Theresa R.",Employee,64439.00,Per Annum,SHIFT LEADER
"Jamison, Linda S.",Employee,113000.00,Per Annum,SPECIAL ASSISTANT TO THE PRESIDENT FOR PRESIDENTIAL PERSONNEL
"Jarrett, Valerie B.",Employee,172200.00,Per Annum,SENIOR ADVISOR AND ASSISTANT TO THE PRESIDENT FOR INTERGOVERNMENTAL AFFAIRS AND PUBLIC ENGAGEMENT
"Jarvis, Kristen E.",Employee,51000.00,Per Annum,SPECIAL ASSISTANT FOR SCHEDULING AND TRAVELING AIDE TO THE FIRST LADY
"Jarvis-Shean, Elizabeth P.",Employee,100000.00,Per Annum,SPECIAL ASSISTANT TO THE PRESIDENT AND DIRECTOR OF RESEARCH
"Jawando, William O.",Detailee,89033.00,Per Annum,DEPUTY ASSOCIATE DIRECTOR
"Jean-Pierre, Karine",Employee,76500.00,Per Annum,NORTHEAST POLITICAL DIRECTOR
"Johnson, Katherine B.",Employee,90000.00,Per Annum,PERSONAL AIDE TO THE PRESIDENT
"Johnson, Linda M.",Employee,66335.00,Per Annum,SHIFT LEADER
"Johnston, Camille Y.",Employee,102000.00,Per Annum,SPECIAL ASSISTANT TO THE PRESIDENT AND DIRECTOR OF COMMUNICATIONS FOR THE FIRST LADY
"Jones, Crystal B.",Employee,84855.00,Per Annum,"ASSISTANT SUPERVISOR, DOCUMENT MANAGEMENT AND TRACKING UNIT"
"Jones, Elizabeth A.",Employee,100000.00,Per Annum,DIRECTOR OF WHITE HOUSE ADMINISTRATION
"Jones, James L.",Employee,172200.00,Per Annum,NATIONAL SECURITY ADVISOR
"Jones, Kristin T.",Employee,42000.00,Per Annum,RESEARCH ASSOCIATE
"Jung, Bryan",Employee,50000.00,Per Annum,SPECIAL ASSISTANT TO THE DIRECTOR
"Juska, Monika",Employee,45000.00,Per Annum,ASSOCIATE DIRECTOR
"Kalbaugh, David E.",Employee,129758.00,Per Annum,DEPUTY EXECUTIVE CLERK
"Kale, Katy A.",Employee,130500.00,Per Annum,SPECIAL ASSISTANT TO THE PRESIDENT AND DIRECTOR OF WHITE HOUSE OPERATIONS
"Kammerer, Chelsea J.",Employee,56100.00,Per Annum,SPECIAL ASSISTANT TO THE DIRECTOR OF INTERGOVERNMENTAL AFFAIRS
"Kang, Christopher D.",Employee,130500.00,Per Annum,SPECIAL ASSISTANT TO THE PRESIDENT FOR LEGISLATIVE AFFAIRS
"Kang, Eugene J.",Employee,48095.00,Per Annum,SPECIAL PROJECTS COORDINATOR
"Keenan, Cody S.",Employee,75000.00,Per Annum,PRESIDENTIAL SPEECHWRITER
"Kelleher, Jr., Francis M.",Employee,110000.00,Per Annum,SPECIAL ASSISTANT TO THE PRESIDENT AND DIRECTOR OF PRESIDENTIAL CORRESPONDENCE
"Kelly, Allison K.",Employee,45000.00,Per Annum,VETTER
"Kennedy, Joseph B.",Employee,42000.00,Per Annum,STAFF ASSISTANT
"Kennedy, Sean D.",Employee,130500.00,Per Annum,SPECIAL ASSISTANT TO THE PRESIDENT FOR LEGISLATIVE AFFAIRS
"Kiley, Bradley J.",Employee,162900.00,Per Annum,ASSISTANT TO THE PRESIDENT FOR MANAGEMENT AND ADMINISTRATION
"Kim, Anna S.",Employee,60000.00,Per Annum,ASSISTANT STAFF SECRETARY
"Kimball, Astri B.",Employee,85000.00,Per Annum,DEPUTY DIRECTOR OF CABINET AFFAIRS
"King, Taeshonnda C.",Employee,60232.00,Per Annum,RECORDS MANAGEMENT ANALYST
"Kocher, Robert P.",Employee,130500.00,Per Annum,SPECIAL ASSISTANT TO THE PRESIDENT FOR HEALTHCARE AND ECONOMIC POLICY
"Kochman, Katherine H.",Employee,45000.00,Per Annum,SCHEDULER FOR CHIEF OF STAFF
"Kohnke, Lisa J.",Employee,60000.00,Per Annum,DEPUTY DIRECTOR OF ADVANCE AND SPECIAL EVENTS FOR THE OFFICE OF INTERGOVERNMENTAL AFFAIRS AND PUBLIC ENGAGEMENT
"Kommareddi, Madhuri",Employee,71400.00,Per Annum,ASSOCIATE STAFF SECRETARY
"Konwinski, Lisa M.",Employee,158500.00,Per Annum,DEPUTY ASSISTANT TO THE PRESIDENT FOR LEGISLATIVE AFFAIRS
"Koo, Stacy J.",Employee,55000.00,Per Annum,DEPUTY ASSOCIATE DIRECTOR
"Kramer, Douglas J.",Detailee,155500.00,Per Annum,DEPUTY ASSOCIATE COUNSEL FOR PRESIDENTIAL PERSONNEL
"Krass, Caroline D.",Employee,130500.00,Per Annum,SPECIAL ASSISTANT TO THE PRESIDENT AND SPECIAL COUNSEL TO THE PRESIDENT
"Kravis, Jonathan I.",Employee,130500.00,Per Annum,SPECIAL ASSISTANT TO THE PRESIDENT AND ASSOCIATE COUNSEL TO THE PRESIDENT
"Kumar, Pravin D.",Employee,50000.00,Per Annum,ASSISTANT COUNSEL FOR NOMINATIONS
"LaBolt, Benjamin C.",Employee,78000.00,Per Annum,ASSISTANT PRESS SECRETARY
"Lartey, Solomon D.",Employee,56092.00,Per Annum,RECORDS MANAGEMENT ANALYST
"Larus, Anne K.",Employee,56100.00,Per Annum,DEPUTY DIRECTOR AND HOTEL PROGRAM MANAGER
"Lechtenberg, Tyler A",Employee,50000.00,Per Annum,DIRECTOR OF CORRESPONDENCE FOR THE FIRST LADY
"Ledbetter, Howli J.",Employee,42000.00,Per Annum,COORDINATOR
"Lee, Gary S.",Employee,42000.00,Per Annum,LEGISLATIVE ASSISTANT
"Lee, Jesse C.",Employee,71400.00,Per Annum,DIRECTOR OF ONLINE PROGRAMS
"Leger, Daniella G.",Employee,102000.00,Per Annum,SPECIAL ASSISTANT TO THE PRESIDENT AND DIRECTOR OF MESSAGE EVENTS
"Lehrich, Matthew A.",Employee,65000.00,Per Annum,MIDWESTERN REGIONAL COMMUNICATIONS DIRECTOR
"Leitner-Laserna, Sofia I.",Employee (part-time),21000.00,Per Annum,STAFF ASSISTANT
"Lelyveld, Catherine M.",Employee,85680.00,Per Annum,DIRECTOR AND PRESS SECRETARY TO THE FIRST LADY
"Lepow, Brandon D.",Employee,55000.00,Per Annum,SPECIAL ASSISTANT AND PRESS LEAD
"Lerner, Jeffrey B. W.",Employee,76500.00,Per Annum,SOUTHERN POLITICAL DIRECTOR
"Lesser, Eric P.",Employee,60000.00,Per Annum,SPECIAL ASSISTANT TO THE SENIOR ADVISOR
"Levine, Jacob C.",Employee,45000.00,Per Annum,POLICY ANALYST
"Levine, Marne L.",Employee,130500.00,Per Annum,SPECIAL ASSISTANT TO THE PRESIDENT FOR ECONOMIC POLICY AND CHIEF OF STAFF OF THE NATIONAL ECONOMIC COUNCIL
"Lewin, Jesse M.",Employee,42000.00,Per Annum,PRESS ASSISTANT
"Lewis, Dana M.",Employee,66000.00,Per Annum,SPECIAL ASSISTANT AND PERSONAL AIDE TO THE FIRST LADY
"Lewis, Georgette T.",Employee,45000.00,Per Annum,COORDINATOR
"Lewis, Kevin S.",Employee,42000.00,Per Annum,PRESS ASSISTANT
"Lezotte, Darin R.",Employee,62544.00,Per Annum,RECORDS MANAGEMENT ANALYST
"Liddell-Westefeld, Christopher",Employee,50000.00,Per Annum,ASSISTANT DIRECTOR
"Liegel, Christopher J.",Employee,37826.00,Per Annum,RECORDS MANAGEMENT ANALYST
"Lillie, Catherine E.",Employee,70000.00,Per Annum,DIRECTOR OF PRESS ADVANCE
"Limon, Noerena",Employee,42000.00,Per Annum,STAFF ASSISTANT
"Lippert, Mark W.",Employee,147500.00,Per Annum,DEPUTY ASSISTANT TO THE PRESIDENT AND CHIEF OF STAFF FOR NATIONAL SECURITY OPERATIONS
"Lipsky, Joshua S.",Employee,45000.00,Per Annum,ASSOCIATE DIRECTOR OF PRESS ADVANCE 
"Lipton, David A.",Employee,149000.00,Per Annum,SPECIAL ASSISTANT TO THE PRESIDENT FOR INTERNATIONAL ECONOMIC AFFAIRS
"Loeb, Emily M.",Employee,60000.00,Per Annum,LEGISLATIVE COUNSEL AND POLICY ADVISOR
"London, Seth A.",Employee,45000.00,Per Annum,LEGISLATIVE ASSISTANT AND ASSOCIATE DIRECTOR FOR LEGISLATIVE CORRESPONDENCE
"Lorjuste, Gregory",Employee,45900.00,Per Annum,ASSOCIATE DIRECTOR OF SCHEDULING
"Love, Reginald L.",Employee,102000.00,Per Annum,SPECIAL ASSISTANT TO THE PRESIDENT AND PERSONAL AIDE TO THE PRESIDENT
"Love, Timothy P.",Detailee,179700.00,Per Annum,POLICY DIRECTOR
"Lovett, Jonathan I.",Employee,75000.00,Per Annum,PRESIDENTIAL SPEECHWRITER
"Lu, Christopher P.",Employee,172200.00,Per Annum,ASSISTANT TO THE PRESIDENT AND CABINET SECRETARY
"Luck, Deatrice N.",Employee,43860.00,Per Annum,SPECIAL SERVICES OPERATOR
"Lynn, Anthony V.",Employee,45000.00,Per Annum,COORDINATOR
"Mack, William B.",Employee,80000.00,Per Annum,DEPUTY ASSOCIATE COUNSEL FOR PRESIDENTIAL PERSONNEL
"Mackey, Erin E.",Employee,66300.00,Per Annum,DIRECTOR OF FINANCE
"Maher, Shawn P.",Employee,158500.00,Per Annum,DEPUTY ASSISTANT TO THE PRESIDENT FOR LEGISLATIVE AFFAIRS AND SENATE LIAISION
"Markovitz, Alison J.",Employee,80000.00,Per Annum,DEPUTY ASSOCIATE COUNSEL FOR PRESIDENTIAL PERSONNEL
"Martin, Joanna G.",Employee,102000.00,Per Annum,SPECIAL ASSISTANT TO THE PRESIDENT FOR PRESIDENTIAL PERSONNEL
"Maska, Johanna M.",Employee,56100.00,Per Annum,SPECIAL ASSISTANT AND PRESS LEAD
"Massey, Katherine",Detailee,165000.00,Per Annum,SENIOR POLICY DIRECTOR
"Mastromonaco, Alyssa M.",Employee,172200.00,Per Annum,ASSISTANT TO THE PRESIDENT AND DIRECTOR OF SCHEDULING AND ADVANCE
"Mattson, Philip C.",Employee,60232.00,Per Annum,SPECIAL ASSISTANT
"Mayekar, Samir S.",Employee,56100.00,Per Annum,NATIONAL SECURITY DIRECTOR
"McBride, Jonathan D.",Employee,130000.00,Per Annum,SPECIAL ASSISTANT TO THE PRESIDENT AND DEPUTY DIRECTOR OF PRESIDENTIAL PERSONNEL
"McCarthy, Mary N.",Detailee,155500.00,Per Annum,POLICY ADVISOR
"McCathran, William W.",Employee,106839.00,Per Annum,ASSISTANT EXECUTIVE CLERK
"McDonough, Denis R.",Employee,147500.00,Per Annum,DEPUTY ASSISTANT TO THE PRESIDENT AND NATIONAL SECURITY COUNCIL CHIEF OF STAFF
"McGinnis, Patricia G.",Employee,0.00,Per Annum,ADVISOR
"McGrath, Shaun L.",Employee,93840.00,Per Annum,DEPUTY DIRECTOR OF INTERGOVERNMENTAL AFFAIRS
"McGuire, MaryEllen C.",Employee,91800.00,Per Annum,SENIOR POLICY ADVISOR FOR EDUCATION
"McLaughlin, Margaret T.",Employee,120000.00,Per Annum,SPECIAL ASSISTANT TO THE PRESIDENT AND CHIEF OF STAFF FOR PRESIDENTIAL PERSONNEL
"McNeal, Melissa K.",Employee,51000.00,Per Annum,DIRECTOR OF WHITE HOUSE INTERNSHIP PROGRAM
"Mehrbani, Rodin A.",Employee,80000.00,Per Annum,DEPUTY ASSOCIATE COUNSEL FOR PRESIDENTIAL PERSONNEL
"Messina, James A.",Employee,172200.00,Per Annum,ASSISTANT TO THE PRESIDENT AND DEPUTY CHIEF OF STAFF FOR OPERATIONS
"Metcalf, Ryan D.",Employee,42000.00,Per Annum,ANALYST
"Milakofsky, Benjamin E.",Employee,45000.00,Per Annum,SPECIAL ASSISTANT TO THE CABINET SECRETARY
"Millett, Gregorio A.",Detailee,115731.00,Per Annum,SENIOR POLICY ADVISOR
"Millison, Chad L.",Employee,60232.00,Per Annum,RECORDS MANAGEMENT ANALYST
"Miranda, Luis A.",Employee,78000.00,Per Annum,DIRECTOR OF HISPANIC MEDIA
"Moilanen, Stephen S.",Employee,45000.00,Per Annum,POLICY ANALYST
"Monje, Jr., Carlos A.",Employee,91800.00,Per Annum,SENIOR POLICY ADVISOR FOR SOCIAL INNOVATION AND CIVIC PARTICIPATION
"Monteiro, Darron P.",Employee,61200.00,Per Annum,DEPUTY ASSOCIATE DIRECTOR OF PUBLIC ENGAGEMENT
"Mosteller, Brian D.",Employee,90000.00,Per Annum,PERSONAL AIDE TO THE PRESIDENT
"Mrazek, Susannah R.",Employee,42000.00,Per Annum,SENIOR ANALYST
"Mueller, Lindsay E.",Employee,66300.00,Per Annum,DIRECTOR OF OPERATIONS
"Muñoz, Cecilia",Employee,153500.00,Per Annum,DEPUTY ASSISTANT TO THE PRESIDENT AND DIRECTOR OF INTERGOVERNMENTAL AFFAIRS
"Muntz, Moira K. M.",Employee,66300.00,Per Annum,NORTHEAST REGIONAL COMMUNICATIONS DIRECTOR
"Murtha, Katherine R.",Employee,50000.00,Per Annum,SENIOR VETTER
"Nabors, Robert L.",Employee,162500.00,Per Annum,DEPUTY ASSISTANT TO THE PRESIDENT AND SENIOR ADVISOR TO THE CHIEF OF STAFF
"Naidoff, Caitlin L.",Employee,50000.00,Per Annum,EXECUTIVE ASSISTANT TO THE SENIOR ADVISOR
"Narechania, Saumya N.",Employee,50000.00,Per Annum,ASSISTANT DIRECTOR
"Nathan, Alison J.",Employee,130500.00,Per Annum,SPECIAL ASSISTANT TO THE PRESIDENT AND ASSOCIATE COUNSEL TO THE PRESIDENT
"Neiman, Wanda M.",Employee,74958.00,Per Annum,ASSISTANT TO THE EXECUTIVE CLERK
"Nelson, Elizabeth W.",Employee,45900.00,Per Annum,ASSOCIATE DIRECTOR OF SCHEDULING
"Neralla, Venkateswar N.",Employee,75480.00,Per Annum,PRIORITY PLACEMENT DIRECTOR
"Newell, Peter J.",Employee,71400.00,Per Annum,DIRECTOR OF TRAVEL OFFICE
"Nguyen, Alexander T. H.",Detailee,102829.00,Per Annum,ETHICS ADVISOR
"Nicholson, Jr., Marvin D.",Employee,130000.00,Per Annum,SPECIAL ASSISTANT TO THE PRESIDENT AND TRIP DIRECTOR
"Noel, Pascal J.",Employee,59160.00,Per Annum,SENIOR POLICY ADVISOR
"Northern, Mary G.",Employee,42000.00,Per Annum,STAFF ASSISTANT
"Ocampo, Maria L.",Employee,42000.00,Per Annum,LEGISLATIVE ASSISTANT
"O'Connor, Kyle P.",Employee,42000.00,Per Annum,ASSISTANT SPEECHWRITER
"Odintz, Joshua D.",Detailee,155500.00,Per Annum,CHIEF TAX COUNSEL
"Odio, Carlos P.",Employee,56100.00,Per Annum,DEPUTY ASSOCIATE DIRECTOR
"Offerman, Mary F.",Employee,45000.00,Per Annum,DEPUTY ASSOCIATE DIRECTOR
"Oleske, James M.",Employee,114000.00,Per Annum,"CHIEF OF STAFF, OFFICE OF LEGISLATIVE AFFAIRS"
"Olmos, Margaret C.",Employee,65000.00,Per Annum,DEPUTY DIRECTOR
"Olson, Elizabeth H.",Employee,76500.00,Per Annum,"DEPUTY DIRECTOR, PRESIDENTIAL CORRESPONDENCE"
"O'Neil, Michael P.",Employee,81600.00,Per Annum,PRIORITY PLACEMENT DIRECTOR
"Onek, Matthew M.",Employee,110000.00,Per Annum,SPECIAL ASSISTANT TO THE PRESIDENT AND CHIEF OF STAFF OF THE DOMESTIC POLICY COUNCIL
"Ortiz, Michael R.",Employee,45000.00,Per Annum,LEGISLATIVE ASSISTANT AND ASSISTANT TO THE DIRECTOR'S OFFICE
"Oxtoby, John T.",Employee,42000.00,Per Annum,SPECIAL ASSISTANT TO THE SENIOR ADVISOR
"Page, Darienne M.",Employee,42000.00,Per Annum,WEST WING RECEPTIONIST
"Paige, Lauren R.",Employee,62000.00,Per Annum,DIRECTOR OF SPECIAL PROJECTS FOR COMMUNICATIONS
"Papa, Gregory J.",Employee,130500.00,Per Annum,SPECIAL ASSISTANT TO THE PRESIDENT FOR LEGISLATIVE AFFAIRS
"Papas, Nicholas W.",Detailee,92001.00,Per Annum,DIRECTOR OF COMMUNICATIONS FOR THE OFFICE OF HEALTH REFORM
"Parker, Doris D.",Employee,79864.00,Per Annum,ASSISTANT SUPERVISOR OF CLASSIFICATION
"Pate, Brian E.",Employee,46745.00,Per Annum,PRESIDENTIAL SUPPORT SPECIALIST
"Paulsen, Joseph B.",Employee,56100.00,Per Annum,DEPUTY DIRECTOR AND SURROGATE SCHEDULER
"Perez, Alejandro",Employee,130500.00,Per Annum,SPECIAL ASSISTANT TO THE PRESIDENT FOR LEGISLATIVE AFFAIRS
"Pfeiffer, Howard D.",Employee,172200.00,Per Annum,ASSISTANT TO THE PRESIDENT AND DIRECTOR OF COMMUNICATIONS
"Phadke, Shilpa",Employee,80000.00,Per Annum,DEPUTY DIRECTOR OF CABINET AFFAIRS
"Phillips, III, Robert M.",Employee,115000.00,Per Annum,SPECIAL ASSISTANT TO THE PRESIDENT AND DIRECTOR OF NEW MEDIA
"Pipkins, Desiree E.",Employee,50000.00,Per Annum,RESEARCH ASSISTANT
"Pojman, Natalie R.",Employee,45900.00,Per Annum,EXECUTIVE ASSISTANT
"Pope, David F.",Employee,51000.00,Per Annum,POLICY ASSISTANT
"Pope, Jamal A.",Employee,42000.00,Per Annum,STAFF ASSISTANT
"Portilla, Zachary A.",Employee,42000.00,Per Annum,PRIORITY PLACEMENT STAFF ASSISTANT
"Posey, Stacie M.",Employee,42000.00,Per Annum,ANALYST
"Pourmorad, Araz ",Employee,45000.00,Per Annum,ASSOCIATE DIRECTOR
"Psaki, Jennifer R.",Employee,150000.00,Per Annum,DEPUTY ASSISTANT TO THE PRESIDENT AND DEPUTY DIRECTOR OF COMMUNICATIONS
"Pulliam, Allison C.",Employee,42000.00,Per Annum,STAFF ASSISTANT
"Quinn, Brian P.",Employee,45000.00,Per Annum,ASSOCIATE DIRECTOR AND TRAVEL MANAGER
"Raizk, Paul S.",Employee,113605.00,Per Annum,DEPUTY DIRECTOR OF RECORDS MANAGEMENT
"Rathod, Nicholas S.",Employee,71400.00,Per Annum,DEPUTY ASSOCIATE DIRECTOR OF INTERGOVERNMENTAL AFFAIRS
"Reed, Ian P.",Employee,45900.00,Per Annum,ASSOCIATE DIRECTOR
"Reeves, Fiona O.",Employee,51000.00,Per Annum,SENIOR WRITER
"Reinstein, Joseph B.",Employee,66300.00,Per Annum,DEPUTY DIRECTOR AND DEPUTY SOCIAL SECRETARY
"Richardson, Karen E.",Detailee,92001.00,Per Annum,ASSOCIATE DIRECTOR
"Rittner, Kathleen A.",Detailee,144868.00,Per Annum,ETHICS ADVISOR
"Rivadeneira, Shirley C.",Employee,55000.00,Per Annum,ENERGY AND ENVIRONMENT DIRECTOR
"Roach, Cynthia L.",Employee,100904.00,Per Annum,SUPERVISOR OF CLASSIFICATION
"Roberts, Blake C.",Employee,99000.00,Per Annum,DEPUTY ASSOCIATE COUNSEL
"Robertson, Ian T.",Employee,42000.00,Per Annum,ANALYST
"Roche, Mary K.",Employee,60000.00,Per Annum,SPEECHWRITER
"Roddick, Gertrude A.",Employee,89846.00,Per Annum,SPECIAL ASSISTANT
"Rodriguez, Roberto J.",Employee,120000.00,Per Annum,SPECIAL ASSISTANT TO THE PRESIDENT FOR EDUCATION POLICY
"Rosalsky, Gregory E.",Employee,45000.00,Per Annum,VETTER
"Rouse, Peter M.",Employee,172200.00,Per Annum,ASSISTANT TO THE PRESIDENT AND SENIOR ADVISOR
"Ruemmler, Kathryn H.",Employee,158500.00,Per Annum,DEPUTY ASSISTANT TO THE PRESIDENT AND DEPUTY COUNSEL TO THE PRESIDENT
"Ruemmler, Michael L.",Employee,56100.00,Per Annum,SPECIAL ASSISTANT AND ADVANCE LEAD
"Rundlet, Peter F.",Employee,158500.00,Per Annum,DEPUTY ASSISTANT TO THE PRESIDENT AND DEPUTY STAFF SECRETARY
"Ryan, Timothy J.",Employee,71400.00,Per Annum,DIRECTOR OF TECHNOLOGY
"Sabochik, Katelyn A.",Employee,62500.00,Per Annum,"DEPUTY DIRECTOR, ONLINE PROGRAMS AND EMAIL"
"Sahgal, Rishi R.",Employee,66300.00,Per Annum,DIRECTOR OF WHITE HOUSE PERSONNEL
"Samuels, Jr., Wendell A.",Employee,60232.00,Per Annum,RECORDS MANAGEMENT ANALYST
"Samuels, Jonathan D.",Employee,130500.00,Per Annum,SPECIAL ASSISTANT TO THE PRESIDENT FOR LEGISLATIVE AFFAIRS
"Sanders, Trooper",Employee,85000.00,Per Annum,DEPUTY DIRECTOR OF POLICY AND PROJECTS FOR THE FIRST LADY
"Santucci, Laura G.",Employee,70000.00,Per Annum,DEPUTY REGIONAL POLITICAL DIRECTOR
"Sass, Joan C.",Employee,56791.00,Per Annum,ASSISTANT SHIFT LEADER
"Sathe, Smrthi",Employee,70000.00,Per Annum,ASSOCIATE DIRECTOR
"Saunders, George T.",Employee,155500.00,Per Annum,EXECUTIVE CLERK
"Schafer, Ellie S.",Employee,71400.00,Per Annum,DIRECTOR OF VISITORS OFFICE
"Schaub, Matthew J.",Employee,42000.00,Per Annum,ANALYST
"Schiliro, Philip M.",Employee,172200.00,Per Annum,"ASSISTANT TO THE PRESIDENT AND DIRECTOR, OFFICE OF LEGISLATIVE AFFAIRS"
"Schmuck, Robert E.",Employee,42000.00,Per Annum,STAFF ASSISTANT
"Schuker, Daniel J. T.",Employee,55080.00,Per Annum,POLICY ADVISOR
"Schulman, Kori S.",Employee,48450.00,Per Annum,ASSOCIATE DIRECTOR
"Schwartz, Alison K.",Employee,75000.00,Per Annum,WESTERN POLITICAL DIRECTOR
"Setser, Bradley W.",Employee,110500.00,Per Annum,DIRECTOR
"Seymour, Jennifer D.",Detailee,107770.00,Per Annum,POLICY ADVISOR
"Shah, Sonal R.",Employee,120000.00,Per Annum,"DEPUTY ASSISTANT TO THE PRESIDENT AND DIRECTOR, OFFICE  OF SOCIAL INNOVATION AND CIVIC PARTICIPATION"
"Shapiro, Nicholas S.",Employee,78000.00,Per Annum,ASSISTANT PRESS SECRETARY
"Shaw, Katherine",Employee,130500.00,Per Annum,SPECIAL ASSISTANT TO THE PRESIDENT AND ASSOCIATE COUNSEL TO THE PRESIDENT
"Sheehy, Kristin J.",Employee,60000.00,Per Annum,SPECIAL ASSISTANT TO THE DEPUTY CHIEF OF STAFF
"Sher, Susan S.",Employee,172200.00,Per Annum,"ASSISTANT TO THE PRESIDENT, CHIEF OF STAFF TO THE FIRST LADY AND COUNSEL"
"Showers, Wendy W.",Employee,84855.00,Per Annum,PRESIDENTIAL SUPPORT SPECIALIST
"Sibley, Sarah E.",Employee,50000.00,Per Annum,SENIOR WRITER
"Siegel, Avra C.",Employee,50000.00,Per Annum,SPECIAL ASSISTANT TO THE DEPUTY ASSISTANT TO THE PRESIDENT
"Simas, David M.",Employee,100000.00,Per Annum,DIRECTOR OF SPECIAL PROJECTS AND SPECIAL ASSISTANT TO THE SENIOR ADVISOR
"Singiser, Dana E.",Employee,130500.00,Per Annum,SPECIAL ASSISTANT TO THE PRESIDENT FOR LEGISLATIVE AFFAIRS
"Sinha, Manish",Employee,42000.00,Per Annum,OPERATIONS STAFF ASSISTANT
"Sirbu, Mara L.",Employee,42000.00,Per Annum,NATIONAL SECURITY STAFF ASSISTANT
"Skoczek, Timothy R.",Employee,45000.00,Per Annum,DEPUTY DIRECTOR OF RESPONSE
"Smith, Elizabeth S.",Employee,130000.00,Per Annum,DEPUTY ASSISTANT TO THE PRESIDENT AND DEPUTY CABINET SECRETARY
"Smith, Jason J.",Employee,42000.00,Per Annum,SENIOR ANALYST
"Smith, Kelley S.",Employee,42000.00,Per Annum,SENIOR ANALYST
"Smoot, Julianna S.",Employee,150000.00,Per Annum,DEPUTY ASSISTANT TO THE PRESIDENT AND WHITE HOUSE SOCIAL SECRETARY
"Sobel, Charlie J.",Employee,55000.00,Per Annum,DIRECTOR OF OPERATIONS
"Spencer, Jane C.",Employee,76500.00,Per Annum,MIDWEST POLITICAL DIRECTOR
"Starkey, Frances M.",Employee,80000.00,Per Annum,DIRECTOR OF SCHEDULING AND ADVANCE FOR THE FIRST LADY
"Stephens, Jeffrey M.",Employee,75000.00,Per Annum,DEPUTY DIRECTOR
"Stephens, Semonti M.",Employee,53550.00,Per Annum,ASSOCIATE DIRECTOR AND DEPUTY PRESS SECRETARY TO THE FIRST LADY
"Stickel, Nicole T.",Employee,42000.00,Per Annum,SENIOR ANALYST
"Stoev, Ivan",Employee,50000.00,Per Annum,ASSISTANT DIRECTOR
"Stone, Wandra E.",Employee,112774.00,Per Annum,SUPERVISOR OF SEARCH AND FILE
"Stoneman, Shelly O.",Employee,130500.00,Per Annum,SPECIAL ASSISTANT TO THE PRESIDENT FOR LEGISLATIVE AFFAIRS
"Stracko, Jill A.",Employee,51000.00,Per Annum,ASSISTANT DIRECTOR
"Strautmanis, Michael A.",Employee,139500.00,Per Annum,SPECIAL ASSISTANT TO THE PRESIDENT AND CHIEF OF STAFF OF THE OFFICE OF INTERGOVERNMENTAL AFFAIRS AND PUBLIC ENGAGEMENT
"Summers, Lawrence H.",Employee,172200.00,Per Annum,ASSISTANT TO THE PRESIDENT FOR ECONOMIC POLICY AND DIRECTOR OF THE NATIONAL ECONOMIC COUNCIL
"Sutphen, Mona K.",Employee,172200.00,Per Annum,ASSISTANT TO THE PRESIDENT AND DEPUTY CHIEF OF STAFF FOR POLICY
"Sutton, Nikki E.",Employee,47500.00,Per Annum,"ASSOCIATE DIRECTOR, NEW MEDIA OPERATIONS"
"Swanson, Gregory C.",Employee,42000.00,Per Annum,SENIOR ANALYST
"Sweeney, Sean F.",Employee,120000.00,Per Annum,"SPECIAL ASSISTANT TO THE PRESIDENT AND DIRECTOR, OFFICE OF THE CHIEF OF STAFF"
"Swire, Peter P.",Employee,130500.00,Per Annum,SPECIAL ASSISTANT TO THE PRESIDENT FOR ECONOMIC POLICY
"Taggart, Jr., Hugh T.",Employee,92341.00,Per Annum,ASSISTANT SUPERVISOR OF SEARCH AND FILE
"Tamarin, Nathanael P.",Employee,96900.00,Per Annum,ASSOCIATE DIRECTOR
"Tate-Gilmore, Ashley R.",Employee,45900.00,Per Annum,ASSOCIATE DIRECTOR AND TRAVEL MANAGER
"Tchen, Christina M.",Employee,153500.00,Per Annum,DEPUTY ASSISTANT TO THE PRESIDENT AND DIRECTOR OF THE OFFICE OF PUBLIC ENGAGEMENT
"Teehee, Kimberly K.",Employee,100000.00,Per Annum,SENIOR POLICY ADVISOR FOR NATIVE AMERICAN AFFAIRS
"Tennison, Angela N.",Employee,42000.00,Per Annum,STAFF ASSISTANT
"Terrell, Louisa M.",Employee,130500.00,Per Annum,SPECIAL ASSISTANT TO THE PRESIDENT FOR LEGISLATIVE AFFAIRS
"Terry, Joelle L.",Employee,65000.00,Per Annum,DEPUTY DIRECTOR OF MESSAGE EVENTS
"Thomas, III, Edwin R.",Employee,97936.00,Per Annum,ASSISTANT EXECUTIVE CLERK
"Thomas, Maria A.",Employee,42000.00,Per Annum,STAFF ASSISTANT
"Thorbjornsen, Lauren K.",Employee,45000.00,Per Annum,EXECUTIVE ASSISTANT
"Trainor, Gregory T.",Employee,68230.00,Per Annum,SPECIAL ASSISTANT
"Tranchin, Matthew A.",Employee,42000.00,Per Annum,STAFF ASSISTANT
"Tseggai, Gannet L.",Employee,66300.00,Per Annum,"COMMUNICATIONS ADVISOR, DOMESTIC POLICY COUNCIL AND OFFICE OF NATIONAL AIDS POLICY"
"Tubman, Samantha J.",Employee,49000.00,Per Annum,DEPUTY ASSOCIATE DIRECTOR
"Tucci, Rosarie G.",Employee,51000.00,Per Annum,SENIOR WRITER
"Tucker, Phyllis J.",Employee,89033.00,Per Annum,SUPERVISOR OF COMPUTER ADMINISTRATION
"Turk, Andrea E.",Employee,50000.00,Per Annum,DIRECTOR OF INFORMATION SERVICES
"Turton, Daniel A.",Employee,158500.00,Per Annum,DEPUTY ASSISTANT TO THE PRESIDENT FOR LEGISLATIVE AFFAIRS AND HOUSE LIAISON
"Utech, Daniel G.",Detailee,130000.00,Per Annum,ADVISOR
"Vale, Elizabeth A.",Detailee,132009.00,Per Annum,WHITE HOUSE BUSINESS LIAISON
"Valencia, Stephanie M.",Employee,61200.00,Per Annum,DEPUTY ASSOCIATE DIRECTOR OF PUBLIC ENGAGEMENT
"Vanderslice, Mara L.",Detailee,92001.00,Per Annum,POLICY ADVISOR
"Vega, Dagoberto",Employee,100000.00,Per Annum,SPECIAL ASSISTANT TO THE PRESIDENT AND DIRECTOR OF BROADCAST MEDIA
"Verrilli, Donald B.",Employee,158500.00,Per Annum,DEPUTY ASSISTANT TO THE PRESIDENT AND DEPUTY COUNSEL TO THE PRESIDENT
"Vietor, Thomas F.",Employee,78000.00,Per Annum,ASSISTANT PRESS SECRETARY
"Vogel, Matthew A.",Employee,71400.00,Per Annum,ASSOCIATE DIRECTOR OF COMMUNICATIONS FOR ECONOMICS
"Voorman, David A.",Employee,45594.00,Per Annum,RECORDS MANAGEMENT ANALYST
"Wade, David L.",Employee,55000.00,Per Annum,ASSOCIATE DIRECTOR
"Wade, Frances J.",Employee,44402.00,Per Annum,RECORDS MANAGEMENT ANALYST
"Walsh, Joan L.",Employee,60000.00,Per Annum,ASSISTANT STAFF SECRETARY
"Wang-Levine, Adam",Employee,55080.00,Per Annum,POLICY ADVISOR
"Watkins, Kyle D. ",Employee,45000.00,Per Annum,SPECIAL ASSISTANT TO THE DEPUTY ASSISTANT TO THE PRESIDENT
"Watson, Takesha R.",Employee,43860.00,Per Annum,SPECIAL SERVICES OPERATOR
"Wear, Michael R.",Employee,45900.00,Per Annum,EXECUTIVE ASSISTANT TO THE EXECUTIVE DIRECTOR
"Webster, Meridith A.",Employee,120000.00,Per Annum,SPECIAL ASSISTANT TO THE PRESIDENT AND SENIOR ADVISOR TO THE CHIEF OF STAFF
"Weiser, Philip J.",Detailee,172000.00,Per Annum,SENIOR ADVISOR FOR TECHNOLOGY AND INNOVATION TO THE NATIONAL ECONOMIC COUNCIL DIRECTOR
"Whichard, IV, David J.",Employee,45900.00,Per Annum,ASSOCIATE DIRECTOR AND TRIP COORDINATOR
"White, Cleo",Detailee,65393.00,Per Annum,ANALYST
"Whitty, Patrick M.",Employee,45000.00,Per Annum,EXECUTIVE ASSISTANT
"Williams, Marie J.",Employee,55000.00,Per Annum,BOARDS AND COMMISSIONS DIRECTOR
"Williams, Sherman A.",Employee,74958.00,Per Annum,ASSISTANT TO THE EXECUTIVE CLERK
"Wilson, Denise R.",Employee,130500.00,Per Annum,SPECIAL ASSISTANT TO THE PRESIDENT FOR LEGISLATIVE AFFAIRS
"Wilson, Samuel A.",Employee,45000.00,Per Annum,DEPUTY DIRECTOR FOR BROADCAST MEDIA
"Winter, Melissa",Employee,102000.00,Per Annum,SPECIAL ASSISTANT TO THE PRESIDENT AND DEPUTY CHIEF OF STAFF TO THE FIRST LADY
"Witt, Abigail",Employee,45000.00,Per Annum,SPECIAL ASSISTANT TO THE CHIEF OF STAFF OF THE OFFICE OF INTERGOVERNMENTAL AFFAIRS AND PUBLIC ENGAGEMENT
"Wong, Shale L.",Employee,0.00,Per Annum,POLICY ADVISOR
"Wright, Jessica N.",Employee,96900.00,Per Annum,DEPUTY DIRECTOR OF SCHEDULING FOR THE PRESIDENT
"Yeager Kaplan, Jennifer F.",Employee,66300.00,Per Annum,SPECIAL ASSISTANT TO THE DIRECTOR OF PUBLIC ENGAGEMENT
"Young, Jr., Reginald D.",Employee,60232.00,Per Annum,RECORDS MANAGEMENT ANALYST
"Young, Katherine H.",Employee,42000.00,Per Annum,STAFF ASSISTANT
"Young, Latoya A.",Employee,58511.00,Per Annum,RECORDS MANAGEMENT ANALYST
"Zelman, Allison L.",Employee,50000.00,Per Annum,POLICY ASSISTANT
"Zichal, Heather R.",Employee,100000.00,Per Annum,DEPUTY ASSISTANT TO THE PRESIDENT FOR ENERGY AND CLIMATE CHANGE
